{"cameraMode":{"drawMode":0,"name":"Shaded","section":"Shading Mode"},"sceneLighting":false,"audioPlay":false,"sceneViewState":{"m_AlwaysRefresh":false,"showFog":true,"showSkybox":true,"showFlares":true,"showImageEffects":true,"showParticleSystems":true,"showVisualEffectGraphs":true,"m_FxEnabled":true},"in2DMode":false,"pivot":{"x":28.380001068115236,"y":98.67546081542969,"z":174.16195678710938},"rotation":{"x":-0.029061252251267434,"y":-0.9710394144058228,"z":0.1865004599094391,"w":-0.14937320351600648},"size":14.500760078430176,"orthographic":false}