{"cameraMode":{"drawMode":0,"name":"Shaded","section":"Shading Mode"},"sceneLighting":false,"audioPlay":false,"sceneViewState":{"m_AlwaysRefresh":false,"showFog":true,"showSkybox":true,"showFlares":true,"showImageEffects":true,"showParticleSystems":true,"showVisualEffectGraphs":true,"m_FxEnabled":true},"in2DMode":false,"pivot":{"x":-1.568932294845581,"y":-5.000747203826904,"z":-12.294707298278809},"rotation":{"x":0.004859996493905783,"y":-0.9804291725158691,"z":0.19752460718154908,"w":0.023805983364582063},"size":13.278780937194825,"orthographic":false}