{"cameraMode":{"drawMode":0,"name":"Shaded","section":"Shading Mode"},"sceneLighting":false,"audioPlay":false,"sceneViewState":{"m_AlwaysRefresh":false,"showFog":true,"showSkybox":true,"showFlares":true,"showImageEffects":true,"showParticleSystems":true,"showVisualEffectGraphs":true,"m_FxEnabled":true},"in2DMode":false,"pivot":{"x":48.06639099121094,"y":117.39247131347656,"z":191.43548583984376},"rotation":{"x":0.08944220095872879,"y":-0.7889197468757629,"z":-0.11879722774028778,"w":-0.5969483256340027},"size":14.500760078430176,"orthographic":false}