{"cameraMode":{"drawMode":0,"name":"Shaded","section":"Shading Mode"},"sceneLighting":false,"audioPlay":false,"sceneViewState":{"m_AlwaysRefresh":false,"showFog":true,"showSkybox":true,"showFlares":true,"showImageEffects":true,"showParticleSystems":true,"showVisualEffectGraphs":true,"m_FxEnabled":true},"in2DMode":false,"pivot":{"x":-1.1997438669204713,"y":-5.269757270812988,"z":-3.4318904876708986},"rotation":{"x":0.014460715465247631,"y":-0.9038625955581665,"z":0.4275093674659729,"w":0.02999349869787693},"size":13.278780937194825,"orthographic":false}